<?xml version="1.0" encoding="ISO-8859-1"?>

<decorators defaultdir="/WEB-INF/decorators">
    <!-- Any urls that are excluded will never be decorated by Sitemesh -->
	<excludes>
		<pattern>/category/*</pattern>
		<pattern>/product/*</pattern>
		<pattern>/purchaseorderdetail/*</pattern>
		<pattern>/supplier/*</pattern>
		<pattern>/package/*</pattern>
			<pattern>/purchaseorder/detail*</pattern>
		
		<pattern>/purchaseorder/pod</pattern>
		

	</excludes>

	<decorator name="main" page="main.jsp">
		<pattern>/*</pattern>
	</decorator>

	<decorator name="home" page="home.jsp">
		<pattern>/home.html</pattern>
	</decorator>

	<decorator name="login" page="login.jsp">
		<pattern>/login.jsp</pattern>
		<pattern>/login.html</pattern>
	</decorator>
</decorators>